customer_id,customer_name,city,registration_date,LTV,orders_count,avg_check,first_purchase,last_purchase,days_since_last_purchase
166,Olivia Johnson,Fujairah,2025-01-11,20879.0,13,1606.08,2024-02-10,2025-11-03,33 days
117,Lucas Brown,Dubai,2024-02-13,16621.0,11,1511.0,2024-05-17,2025-10-05,62 days
83,Noah Ali,Dubai,2024-08-06,16199.0,10,1619.9,2024-03-16,2025-06-16,173 days
28,Alex Ivanov,Sharjah,2024-02-10,15824.0,12,1318.67,2024-03-13,2025-11-01,35 days
177,Maria Ali,Abu Dhabi,2024-04-29,15598.0,10,1559.8,2024-01-15,2025-10-04,63 days
192,Tom Brown,Fujairah,2025-04-30,15537.0,12,1294.75,2024-02-03,2025-08-06,122 days
78,Lucas Smith,Dubai,2023-03-04,15218.0,11,1383.45,2024-01-07,2025-11-06,30 days
244,Sara Kim,Fujairah,2024-08-22,14410.0,9,1601.11,2024-04-11,2025-01-11,329 days
68,Liam Lee,Abu Dhabi,2023-07-07,14321.0,10,1432.1,2024-02-12,2025-09-06,91 days
263,John Lee,Abu Dhabi,2024-04-12,14261.0,8,1782.62,2024-03-21,2025-11-04,32 days
77,Emma Smith,Al Ain,2023-10-31,14127.0,11,1284.27,2024-02-04,2025-01-28,312 days
284,Anna Brown,Dubai,2023-01-30,14025.0,9,1558.33,2024-03-03,2025-03-03,278 days
154,Sophia Ivanov,Sharjah,2023-03-21,13892.0,10,1389.2,2024-01-04,2025-04-28,222 days
303,Anna Brown,Fujairah,2024-10-04,13777.0,9,1530.78,2024-01-06,2025-12-04,2 days
97,Emma Kim,Ajman,2024-09-11,13765.0,9,1529.44,2024-01-30,2025-02-05,304 days
323,Sara Ali,Dubai,2024-01-15,13764.0,10,1376.4,2024-01-20,2025-06-17,172 days
350,Alex Ali,Ras Al Khaimah,2023-10-29,13668.0,9,1518.67,2024-02-19,2025-03-21,260 days
75,Alex Brown,Ras Al Khaimah,2025-03-13,13664.0,10,1366.4,2024-01-31,2025-12-03,3 days
7,Liam Johnson,Dubai,2024-08-26,13612.0,10,1361.2,2024-04-05,2025-04-14,236 days
141,Emma Kim,Ras Al Khaimah,2024-10-06,13582.0,9,1509.11,2024-03-03,2024-12-19,352 days
324,Maria Johnson,Fujairah,2024-02-29,13520.0,10,1352.0,2024-05-08,2025-05-13,207 days
368,Ivan Ali,Sharjah,2024-07-28,13273.0,8,1659.12,2024-03-04,2025-08-05,123 days
314,Mia Kim,Sharjah,2024-04-10,13241.0,9,1471.22,2024-02-18,2025-03-25,256 days
386,Sara Ivanov,Dubai,2024-05-24,13160.0,8,1645.0,2024-03-02,2025-04-08,242 days
84,Tom Lee,Al Ain,2024-09-26,13158.0,9,1462.0,2024-03-09,2025-08-06,122 days
237,Daniel Brown,Al Ain,2024-12-17,13119.0,8,1639.88,2024-01-18,2025-02-27,282 days
267,Kate Johnson,Dubai,2024-08-24,13095.0,8,1636.88,2024-04-01,2025-02-28,281 days
23,Liam Kim,Al Ain,2024-01-24,12981.0,8,1622.62,2024-06-11,2025-03-03,278 days
86,Liam Lee,Dubai,2023-09-02,12671.0,7,1810.14,2024-02-04,2025-08-03,125 days
360,Lucas Kim,Dubai,2024-08-23,12473.0,11,1133.91,2024-03-30,2025-07-02,157 days
233,Noah Kim,Dubai,2024-07-11,12332.0,10,1233.2,2024-01-01,2025-08-06,122 days
57,Anna Ivanov,Dubai,2024-12-25,12256.0,9,1361.78,2024-01-10,2025-11-04,32 days
90,Liam Ivanov,Ajman,2023-08-07,12237.0,10,1223.7,2024-01-02,2025-04-18,232 days
52,Emma Kim,Sharjah,2025-02-12,12137.0,11,1103.36,2024-02-27,2025-06-23,166 days
74,Ivan Lee,Sharjah,2024-01-24,11689.0,10,1168.9,2024-02-04,2025-03-24,257 days
3,Tom Ali,Ras Al Khaimah,2024-11-23,11655.0,9,1295.0,2024-01-10,2025-03-06,275 days
215,Kate Smith,Dubai,2024-10-15,11654.0,9,1294.89,2024-05-21,2025-06-20,169 days
393,Ivan Brown,Dubai,2024-02-19,11586.0,7,1655.14,2024-03-05,2025-07-03,156 days
114,Noah Ivanov,Fujairah,2024-04-26,11524.0,6,1920.67,2024-03-13,2025-03-20,261 days
388,Mia Smith,Ras Al Khaimah,2024-11-15,11421.0,8,1427.62,2024-02-08,2025-10-06,61 days
275,Maria Ali,Fujairah,2024-03-26,11398.0,9,1266.44,2024-07-14,2024-11-30,371 days
48,Kate Johnson,Dubai,2023-03-29,11395.0,10,1139.5,2024-03-20,2025-06-18,171 days
268,Kate Brown,Ajman,2024-04-02,11391.0,9,1265.67,2024-07-10,2025-06-03,186 days
370,Mia Smith,Dubai,2023-12-14,11367.0,8,1420.88,2024-01-22,2025-04-17,233 days
170,Emma Lee,Ajman,2023-12-02,11299.0,7,1614.14,2024-04-26,2025-04-01,249 days
395,Sara Johnson,Dubai,2023-04-01,11243.0,11,1022.09,2024-02-11,2025-03-03,278 days
239,Anna Lee,Ajman,2024-09-04,11033.0,8,1379.12,2024-02-10,2025-08-06,122 days
91,Noah Brown,Sharjah,2023-03-12,10853.0,7,1550.43,2024-10-01,2025-04-20,230 days
376,John Ivanov,Dubai,2023-02-23,10741.0,7,1534.43,2024-01-04,2025-08-04,124 days
190,Kate Lee,Ras Al Khaimah,2025-03-04,10724.0,9,1191.56,2024-07-07,2025-08-01,127 days
356,John Kim,Fujairah,2024-01-19,10649.0,6,1774.83,2024-02-20,2025-03-29,252 days
40,Ivan Kim,Sharjah,2024-04-09,10491.0,7,1498.71,2024-03-10,2025-06-03,186 days
218,Kate Smith,Dubai,2023-09-16,10481.0,8,1310.12,2024-05-17,2025-06-15,174 days
173,Anna Brown,Abu Dhabi,2025-02-06,10447.0,6,1741.17,2024-01-17,2025-08-02,126 days
43,Emma Ivanov,Ajman,2024-09-15,10289.0,9,1143.22,2024-01-14,2025-05-26,194 days
124,Anna Kim,Ras Al Khaimah,2023-09-18,10279.0,7,1468.43,2024-01-17,2025-06-17,172 days
293,Sophia Kim,Ras Al Khaimah,2023-12-20,10275.0,9,1141.67,2024-01-16,2025-06-17,172 days
254,Alex Johnson,Dubai,2024-10-02,10191.0,8,1273.88,2024-01-20,2025-06-09,180 days
348,John Brown,Al Ain,2023-03-09,10132.0,9,1125.78,2024-04-29,2025-04-03,247 days
98,Liam Ali,Fujairah,2023-07-28,10129.0,7,1447.0,2024-05-01,2025-06-20,169 days
108,Maria Brown,Al Ain,2024-11-13,10093.0,7,1441.86,2024-06-08,2025-03-21,260 days
102,Alex Ali,Ras Al Khaimah,2023-06-15,10068.0,12,839.0,2024-01-17,2025-05-27,193 days
145,Alex Smith,Al Ain,2025-04-03,10041.0,7,1434.43,2024-02-10,2025-03-24,257 days
400,Maria Ali,Al Ain,2024-10-10,10013.0,7,1430.43,2024-04-22,2025-06-01,188 days
326,Mia Ivanov,Fujairah,2024-12-07,10012.0,7,1430.29,2024-02-01,2025-01-12,328 days
79,Kate Ali,Al Ain,2024-08-21,10008.0,7,1429.71,2024-01-30,2025-10-04,63 days
315,Daniel Johnson,Ajman,2024-08-21,9982.0,8,1247.75,2024-02-11,2025-05-23,197 days
96,John Brown,Sharjah,2025-01-30,9979.0,8,1247.38,2024-03-28,2025-05-24,196 days
19,Mia Ivanov,Ajman,2024-10-12,9975.0,6,1662.5,2024-05-19,2025-01-25,315 days
130,John Ivanov,Ras Al Khaimah,2024-07-21,9959.0,6,1659.83,2024-04-30,2025-08-04,124 days
288,Daniel Ali,Abu Dhabi,2023-03-22,9950.0,9,1105.56,2024-02-18,2025-07-05,154 days
260,Alex Smith,Dubai,2023-04-27,9927.0,8,1240.88,2024-01-02,2025-05-06,214 days
201,Kate Lee,Dubai,2024-10-23,9897.0,7,1413.86,2024-03-14,2025-05-17,203 days
205,Mia Kim,Fujairah,2023-12-05,9890.0,8,1236.25,2024-01-10,2025-03-26,255 days
371,Daniel Smith,Dubai,2023-05-27,9866.0,6,1644.33,2024-01-30,2025-02-08,301 days
298,Daniel Brown,Dubai,2023-01-23,9855.0,7,1407.86,2024-03-01,2025-11-01,35 days
59,Liam Kim,Fujairah,2023-09-01,9847.0,8,1230.88,2024-02-08,2025-05-24,196 days
151,Liam Johnson,Abu Dhabi,2024-04-05,9762.0,8,1220.25,2024-02-09,2025-04-04,246 days
250,Lucas Smith,Ras Al Khaimah,2023-09-16,9720.0,6,1620.0,2024-02-03,2025-05-02,218 days
133,Sophia Brown,Abu Dhabi,2023-01-01,9667.0,6,1611.17,2024-08-11,2025-06-03,186 days
44,Olivia Ali,Al Ain,2025-02-19,9587.0,7,1369.57,2024-01-11,2025-02-03,306 days
396,Sara Ali,Ras Al Khaimah,2023-09-07,9570.0,7,1367.14,2024-04-09,2025-09-04,93 days
55,Lucas Smith,Al Ain,2023-03-07,9567.0,6,1594.5,2024-04-01,2025-08-02,126 days
364,John Kim,Fujairah,2023-08-06,9547.0,7,1363.86,2024-02-02,2024-07-22,502 days
378,Sara Lee,Fujairah,2024-11-08,9538.0,6,1589.67,2024-04-02,2025-04-29,221 days
165,Lucas Kim,Ras Al Khaimah,2024-02-03,9518.0,8,1189.75,2024-01-20,2025-03-25,256 days
69,Alex Johnson,Al Ain,2023-03-19,9438.0,7,1348.29,2024-01-01,2025-08-06,122 days
227,Noah Ivanov,Al Ain,2023-06-10,9419.0,9,1046.56,2024-02-18,2024-12-31,340 days
363,Maria Ali,Al Ain,2023-12-27,9405.0,6,1567.5,2024-02-29,2025-05-22,198 days
33,John Kim,Dubai,2023-04-23,9376.0,7,1339.43,2024-03-10,2025-11-02,34 days
291,Ivan Johnson,Fujairah,2024-11-13,9346.0,8,1168.25,2024-03-29,2025-06-11,178 days
58,Lucas Smith,Al Ain,2023-02-02,9240.0,7,1320.0,2024-02-07,2025-03-13,268 days
335,Ivan Brown,Dubai,2025-03-18,9234.0,7,1319.14,2024-01-21,2025-05-10,210 days
273,John Lee,Dubai,2024-01-31,9211.0,6,1535.17,2024-08-23,2025-01-22,318 days
383,Emma Brown,Abu Dhabi,2023-01-08,9091.0,9,1010.11,2024-04-18,2025-06-20,169 days
312,Tom Johnson,Ras Al Khaimah,2024-01-10,9088.0,6,1514.67,2024-05-02,2025-11-01,35 days
122,Lucas Lee,Al Ain,2023-12-20,9028.0,6,1504.67,2024-04-29,2025-03-14,267 days
116,Ivan Kim,Abu Dhabi,2023-08-17,9024.0,7,1289.14,2024-04-06,2025-06-19,170 days
147,Alex Kim,Al Ain,2025-03-31,8975.0,6,1495.83,2024-03-01,2025-07-01,158 days
311,Daniel Johnson,Al Ain,2024-11-23,8914.0,6,1485.67,2024-06-10,2025-11-05,31 days
225,Maria Johnson,Abu Dhabi,2024-09-16,8903.0,7,1271.86,2024-08-25,2025-06-19,170 days
372,Ivan Smith,Al Ain,2025-01-28,8886.0,8,1110.75,2024-04-14,2025-04-30,220 days
202,Sophia Ivanov,Ras Al Khaimah,2023-04-06,8832.0,5,1766.4,2024-05-18,2025-02-27,282 days
106,Sophia Brown,Dubai,2023-02-12,8824.0,7,1260.57,2024-01-04,2025-05-26,194 days
149,Sara Johnson,Al Ain,2024-09-19,8823.0,6,1470.5,2024-02-16,2025-01-19,321 days
168,Sara Ivanov,Fujairah,2023-03-27,8733.0,5,1746.6,2024-03-29,2025-04-20,230 days
196,Liam Brown,Sharjah,2025-03-27,8703.0,6,1450.5,2024-01-18,2025-04-30,220 days
320,John Smith,Dubai,2023-04-30,8694.0,7,1242.0,2024-03-02,2024-11-25,376 days
339,Olivia Brown,Dubai,2023-01-17,8647.0,6,1441.17,2024-10-12,2025-05-03,217 days
252,Sara Smith,Abu Dhabi,2024-04-18,8611.0,9,956.78,2024-01-14,2025-07-01,158 days
6,Sara Ivanov,Dubai,2025-01-03,8537.0,5,1707.4,2024-03-14,2025-10-03,64 days
354,Sara Kim,Dubai,2024-02-13,8508.0,7,1215.43,2024-02-09,2024-12-06,365 days
73,Daniel Smith,Dubai,2023-08-07,8503.0,7,1214.71,2024-02-10,2025-02-16,293 days
332,John Johnson,Abu Dhabi,2023-09-07,8437.0,7,1205.29,2024-03-14,2025-07-01,158 days
105,John Lee,Dubai,2024-01-14,8413.0,7,1201.86,2024-05-27,2025-06-19,170 days
285,Mia Brown,Ras Al Khaimah,2023-10-28,8410.0,6,1401.67,2024-01-20,2025-05-22,198 days
276,John Lee,Dubai,2023-01-16,8355.0,7,1193.57,2024-03-05,2025-05-18,202 days
309,Lucas Johnson,Dubai,2025-02-03,8350.0,5,1670.0,2024-01-11,2024-09-16,446 days
266,Ivan Brown,Sharjah,2023-10-01,8305.0,6,1384.17,2024-01-16,2025-06-19,170 days
60,John Kim,Fujairah,2023-08-08,8277.0,5,1655.4,2024-02-10,2024-11-16,385 days
204,Mia Lee,Al Ain,2024-04-29,8265.0,7,1180.71,2024-01-03,2025-06-07,182 days
310,Tom Ivanov,Abu Dhabi,2024-04-24,8148.0,7,1164.0,2024-03-06,2025-06-04,185 days
32,Kate Smith,Dubai,2023-05-22,8143.0,7,1163.29,2024-02-08,2025-04-29,221 days
188,Olivia Kim,Al Ain,2024-03-21,8143.0,6,1357.17,2024-01-15,2025-04-04,246 days
81,Tom Ali,Dubai,2023-07-10,8112.0,7,1158.86,2024-07-10,2025-05-26,194 days
280,Anna Ali,Dubai,2024-07-08,8090.0,7,1155.71,2024-06-07,2025-09-03,94 days
232,Emma Lee,Dubai,2023-09-28,8077.0,6,1346.17,2024-04-06,2025-09-06,91 days
255,Liam Ali,Dubai,2023-07-28,8053.0,6,1342.17,2024-02-04,2025-11-04,32 days
184,Sara Kim,Ajman,2023-12-22,8031.0,4,2007.75,2024-01-10,2025-05-27,193 days
330,Alex Smith,Abu Dhabi,2023-05-06,8023.0,7,1146.14,2024-02-13,2025-11-06,30 days
321,Kate Smith,Dubai,2023-11-08,8010.0,6,1335.0,2024-11-04,2025-12-03,3 days
283,Olivia Kim,Sharjah,2024-03-30,7994.0,8,999.25,2024-04-21,2025-09-05,92 days
357,Tom Johnson,Dubai,2023-03-10,7989.0,6,1331.5,2024-01-15,2025-05-05,215 days
222,Sara Ali,Abu Dhabi,2025-02-21,7957.0,5,1591.4,2024-01-25,2025-05-20,200 days
340,Sara Ali,Dubai,2023-05-10,7941.0,5,1588.2,2024-05-30,2025-05-13,207 days
351,Maria Johnson,Al Ain,2023-04-12,7915.0,8,989.38,2024-03-11,2025-06-01,188 days
316,Noah Lee,Dubai,2023-04-21,7878.0,7,1125.43,2024-02-11,2025-02-28,281 days
29,Noah Kim,Al Ain,2023-05-23,7827.0,6,1304.5,2024-01-27,2025-02-22,287 days
64,Anna Kim,Dubai,2025-01-16,7802.0,5,1560.4,2024-04-16,2024-12-23,348 days
300,Noah Ali,Ajman,2023-10-21,7790.0,4,1947.5,2024-04-14,2025-05-25,195 days
125,Emma Brown,Ras Al Khaimah,2023-01-02,7769.0,6,1294.83,2024-03-14,2025-05-01,219 days
186,Kate Smith,Ras Al Khaimah,2025-04-22,7756.0,7,1108.0,2024-04-19,2025-03-16,265 days
271,Sara Smith,Ajman,2023-08-28,7707.0,5,1541.4,2024-01-13,2025-05-01,219 days
34,Sara Ali,Dubai,2025-03-22,7656.0,7,1093.71,2024-03-27,2024-12-14,357 days
99,Anna Smith,Ras Al Khaimah,2023-09-15,7618.0,6,1269.67,2024-02-04,2025-04-03,247 days
1,Maria Smith,Sharjah,2024-10-16,7612.0,5,1522.4,2024-03-02,2025-01-20,320 days
349,Lucas Lee,Al Ain,2024-12-30,7599.0,8,949.88,2024-01-02,2025-09-04,93 days
286,Noah Ali,Ras Al Khaimah,2023-05-30,7597.0,7,1085.29,2024-01-03,2025-04-30,220 days
274,Lucas Johnson,Dubai,2023-05-10,7526.0,5,1505.2,2024-08-13,2025-05-18,202 days
159,Alex Lee,Dubai,2024-07-09,7524.0,5,1504.8,2024-05-24,2025-06-20,169 days
223,Daniel Lee,Fujairah,2025-03-05,7503.0,6,1250.5,2024-01-19,2025-05-06,214 days
399,Olivia Smith,Al Ain,2025-03-08,7461.0,4,1865.25,2024-03-01,2025-01-04,336 days
295,Daniel Johnson,Fujairah,2023-07-23,7460.0,6,1243.33,2024-02-29,2025-05-21,199 days
362,Anna Brown,Sharjah,2025-01-08,7459.0,5,1491.8,2024-03-23,2025-04-30,220 days
265,Sara Brown,Al Ain,2023-10-10,7439.0,6,1239.83,2024-02-14,2025-04-30,220 days
322,John Lee,Fujairah,2023-08-29,7410.0,7,1058.57,2024-02-10,2025-05-23,197 days
304,Mia Kim,Dubai,2023-02-04,7355.0,6,1225.83,2024-03-07,2025-03-15,266 days
301,Emma Ali,Sharjah,2023-08-13,7338.0,8,917.25,2024-03-10,2025-10-04,63 days
191,Liam Brown,Abu Dhabi,2025-04-25,7336.0,4,1834.0,2024-01-13,2024-12-16,355 days
153,Noah Brown,Fujairah,2024-05-11,7334.0,4,1833.5,2024-04-20,2025-05-20,200 days
240,Liam Smith,Dubai,2024-09-10,7231.0,5,1446.2,2024-03-03,2025-03-23,258 days
45,Lucas Lee,Dubai,2023-01-01,7226.0,6,1204.33,2024-03-16,2025-03-12,269 days
47,Anna Ivanov,Dubai,2023-09-03,7220.0,6,1203.33,2024-04-26,2024-11-09,392 days
179,Maria Johnson,Dubai,2023-06-21,7213.0,4,1803.25,2024-11-06,2025-04-15,235 days
229,Kate Brown,Dubai,2024-04-06,7173.0,7,1024.71,2024-02-18,2025-12-03,3 days
377,Tom Brown,Fujairah,2024-11-21,7139.0,6,1189.83,2024-03-04,2025-05-10,210 days
277,Kate Johnson,Sharjah,2023-03-18,7132.0,5,1426.4,2024-01-19,2025-03-10,271 days
164,Sara Lee,Dubai,2023-10-07,7131.0,6,1188.5,2024-02-06,2025-08-01,127 days
104,John Ali,Dubai,2024-12-08,7117.0,4,1779.25,2024-02-09,2024-12-09,362 days
135,Emma Ali,Fujairah,2024-03-28,7101.0,5,1420.2,2024-03-28,2025-04-28,222 days
197,Liam Ali,Dubai,2024-09-02,7098.0,8,887.25,2024-01-22,2025-10-05,62 days
243,Alex Brown,Dubai,2024-04-26,7092.0,7,1013.14,2024-01-02,2025-06-15,174 days
305,Sophia Brown,Ras Al Khaimah,2023-04-03,7089.0,7,1012.71,2024-03-11,2025-03-30,251 days
14,Tom Ali,Sharjah,2024-01-23,7061.0,5,1412.2,2024-02-08,2025-10-02,65 days
111,Lucas Johnson,Ras Al Khaimah,2023-07-03,7024.0,5,1404.8,2024-06-07,2025-08-01,127 days
50,Olivia Brown,Al Ain,2024-07-16,7002.0,8,875.25,2024-01-27,2025-07-02,157 days
235,Sophia Ali,Sharjah,2023-06-19,6965.0,6,1160.83,2024-03-30,2025-12-06,0 days
158,Sara Lee,Ajman,2023-03-07,6931.0,5,1386.2,2024-09-04,2025-08-04,124 days
281,Sophia Ivanov,Dubai,2023-08-29,6898.0,5,1379.6,2024-05-04,2025-05-02,218 days
138,Sophia Ivanov,Abu Dhabi,2024-11-19,6889.0,5,1377.8,2024-12-09,2025-09-03,94 days
279,Daniel Brown,Fujairah,2023-12-03,6885.0,4,1721.25,2024-07-02,2024-11-26,375 days
238,Kate Lee,Dubai,2024-07-06,6852.0,5,1370.4,2024-02-02,2025-10-03,64 days
230,Sophia Kim,Sharjah,2023-08-26,6827.0,5,1365.4,2024-01-06,2025-03-19,262 days
88,Tom Smith,Fujairah,2025-02-08,6821.0,6,1136.83,2024-01-04,2025-01-27,313 days
183,Maria Johnson,Dubai,2024-12-01,6812.0,6,1135.33,2024-02-18,2024-12-08,363 days
11,Maria Brown,Ajman,2024-01-25,6807.0,6,1134.5,2024-01-24,2025-06-23,166 days
171,Daniel Brown,Ras Al Khaimah,2023-12-12,6793.0,6,1132.17,2024-02-02,2025-04-23,227 days
214,Sophia Kim,Dubai,2024-07-20,6784.0,7,969.14,2024-02-07,2025-05-02,218 days
82,Noah Lee,Dubai,2024-11-22,6778.0,5,1355.6,2024-03-03,2025-05-03,217 days
37,Maria Kim,Al Ain,2024-11-27,6744.0,4,1686.0,2024-02-10,2025-02-03,306 days
25,Anna Johnson,Ajman,2023-08-23,6742.0,4,1685.5,2024-02-21,2025-04-20,230 days
206,Sophia Brown,Abu Dhabi,2023-10-05,6688.0,6,1114.67,2024-04-03,2025-03-06,275 days
390,Tom Johnson,Ajman,2024-04-15,6674.0,4,1668.5,2024-03-22,2025-03-27,254 days
71,Tom Johnson,Abu Dhabi,2023-01-16,6643.0,4,1660.75,2024-08-09,2025-06-14,175 days
361,Mia Johnson,Ras Al Khaimah,2024-02-25,6633.0,6,1105.5,2024-07-31,2025-06-21,168 days
66,Maria Ivanov,Abu Dhabi,2025-03-30,6631.0,7,947.29,2024-08-20,2025-10-01,66 days
365,Maria Brown,Al Ain,2023-08-18,6625.0,8,828.12,2024-03-07,2025-06-12,177 days
182,Noah Smith,Sharjah,2023-03-19,6595.0,8,824.38,2024-03-21,2025-03-13,268 days
54,Maria Ivanov,Abu Dhabi,2024-04-07,6499.0,5,1299.8,2024-02-23,2025-07-06,153 days
319,Sophia Kim,Ras Al Khaimah,2024-12-18,6491.0,3,2163.67,2024-04-08,2024-11-30,371 days
256,Alex Kim,Fujairah,2023-10-22,6482.0,8,810.25,2024-01-28,2025-12-01,5 days
307,Liam Johnson,Dubai,2024-01-10,6477.0,6,1079.5,2024-04-05,2025-02-22,287 days
397,Tom Lee,Sharjah,2024-06-20,6468.0,5,1293.6,2024-03-13,2025-10-05,62 days
241,Ivan Johnson,Sharjah,2023-08-23,6445.0,8,805.62,2024-10-26,2025-05-31,189 days
176,John Ivanov,Dubai,2023-01-21,6443.0,7,920.43,2024-04-23,2025-12-02,4 days
101,John Kim,Sharjah,2023-12-08,6435.0,5,1287.0,2024-04-20,2025-09-02,95 days
317,Lucas Ali,Abu Dhabi,2024-09-26,6421.0,6,1070.17,2024-02-16,2025-05-30,190 days
331,Ivan Smith,Ajman,2024-10-19,6340.0,6,1056.67,2024-03-15,2025-12-04,2 days
110,Olivia Lee,Dubai,2025-03-30,6325.0,4,1581.25,2024-07-10,2025-04-23,227 days
136,Olivia Kim,Dubai,2025-03-23,6320.0,4,1580.0,2024-03-18,2025-01-27,313 days
211,Noah Brown,Dubai,2023-10-31,6259.0,6,1043.17,2024-01-09,2025-03-29,252 days
337,Ivan Ivanov,Dubai,2023-04-23,6225.0,5,1245.0,2024-01-08,2025-05-16,204 days
264,John Johnson,Dubai,2024-09-05,6199.0,6,1033.17,2024-03-24,2025-11-02,34 days
306,Emma Ivanov,Al Ain,2023-06-29,6198.0,4,1549.5,2024-02-22,2025-04-30,220 days
358,Sara Smith,Ajman,2023-04-06,6185.0,4,1546.25,2024-03-11,2025-03-23,258 days
189,Liam Ali,Al Ain,2024-10-28,6184.0,5,1236.8,2024-10-06,2025-05-24,196 days
152,Liam Johnson,Al Ain,2024-10-14,6174.0,3,2058.0,2024-03-03,2025-01-18,322 days
42,Sophia Johnson,Al Ain,2024-10-02,6171.0,4,1542.75,2024-01-11,2025-05-18,202 days
313,Liam Ali,Dubai,2023-01-15,6165.0,4,1541.25,2024-07-14,2025-11-02,34 days
53,Mia Lee,Al Ain,2024-02-13,6120.0,4,1530.0,2024-05-29,2024-11-15,386 days
292,Olivia Smith,Fujairah,2023-10-22,6112.0,4,1528.0,2024-07-18,2025-05-17,203 days
195,Kate Ivanov,Ajman,2023-07-06,6095.0,6,1015.83,2024-01-02,2025-04-25,225 days
380,Mia Lee,Dubai,2023-04-27,6075.0,7,867.86,2024-02-15,2025-11-05,31 days
289,John Ivanov,Fujairah,2024-05-24,5980.0,4,1495.0,2024-02-29,2025-04-26,224 days
261,Sophia Ali,Sharjah,2024-05-25,5975.0,7,853.57,2024-03-11,2025-01-14,326 days
345,Kate Johnson,Ras Al Khaimah,2023-03-04,5967.0,5,1193.4,2024-04-09,2025-05-21,199 days
109,John Ivanov,Dubai,2024-02-21,5920.0,4,1480.0,2024-07-13,2025-06-19,170 days
156,John Ivanov,Ras Al Khaimah,2023-05-22,5907.0,5,1181.4,2024-05-20,2025-01-29,311 days
65,Daniel Kim,Ajman,2023-03-04,5878.0,5,1175.6,2024-02-04,2025-06-18,171 days
374,Olivia Brown,Sharjah,2023-12-16,5866.0,6,977.67,2024-03-29,2025-03-14,267 days
199,Sara Lee,Al Ain,2025-01-07,5851.0,5,1170.2,2024-06-30,2025-10-02,65 days
36,Liam Ali,Dubai,2024-06-25,5849.0,5,1169.8,2024-06-25,2025-05-29,191 days
115,Sophia Johnson,Abu Dhabi,2023-12-25,5846.0,5,1169.2,2024-05-27,2025-06-03,186 days
129,Daniel Kim,Sharjah,2023-12-01,5831.0,3,1943.67,2024-01-10,2024-10-05,427 days
216,Sophia Lee,Fujairah,2024-08-10,5827.0,6,971.17,2024-01-29,2025-03-12,269 days
127,Maria Kim,Sharjah,2024-11-10,5806.0,4,1451.5,2024-07-28,2024-08-28,465 days
35,Daniel Ali,Fujairah,2024-01-30,5731.0,5,1146.2,2024-03-07,2025-03-25,256 days
290,Liam Lee,Sharjah,2024-10-15,5730.0,7,818.57,2024-01-02,2025-08-01,127 days
342,Mia Ali,Dubai,2025-03-07,5730.0,4,1432.5,2024-01-11,2025-01-04,336 days
13,Alex Ali,Dubai,2025-01-17,5724.0,6,954.0,2024-01-17,2025-05-09,211 days
89,Maria Smith,Al Ain,2024-09-28,5697.0,4,1424.25,2024-01-04,2024-07-23,501 days
353,Sara Brown,Fujairah,2023-08-22,5695.0,8,711.88,2024-01-09,2025-05-13,207 days
15,Mia Ali,Abu Dhabi,2025-04-29,5667.0,5,1133.4,2024-03-21,2025-02-21,288 days
373,Daniel Lee,Fujairah,2023-08-09,5666.0,5,1133.2,2024-03-24,2025-10-03,64 days
172,Tom Lee,Dubai,2023-09-16,5638.0,4,1409.5,2024-01-19,2025-03-15,266 days
56,Noah Smith,Dubai,2023-08-24,5625.0,5,1125.0,2024-01-20,2025-04-29,221 days
2,Noah Ivanov,Dubai,2023-09-08,5615.0,4,1403.75,2024-09-03,2025-03-20,261 days
120,Olivia Ali,Sharjah,2023-09-25,5599.0,4,1399.75,2024-03-08,2025-08-02,126 days
5,Ivan Ali,Abu Dhabi,2023-08-27,5573.0,4,1393.25,2024-09-01,2024-11-29,372 days
325,Sara Brown,Dubai,2024-09-22,5567.0,4,1391.75,2024-05-27,2025-11-01,35 days
247,Lucas Lee,Fujairah,2023-06-14,5561.0,3,1853.67,2024-05-12,2025-01-25,315 days
387,Noah Ali,Al Ain,2024-01-25,5552.0,6,925.33,2024-01-05,2025-06-23,166 days
296,Noah Lee,Ajman,2023-04-20,5548.0,5,1109.6,2024-04-14,2025-04-05,245 days
366,Maria Johnson,Sharjah,2024-01-12,5540.0,5,1108.0,2024-01-23,2025-01-27,313 days
248,Daniel Johnson,Al Ain,2023-10-23,5503.0,3,1834.33,2024-03-19,2025-02-14,295 days
70,Anna Kim,Al Ain,2023-04-11,5489.0,3,1829.67,2024-01-30,2025-03-02,279 days
67,Alex Ivanov,Ras Al Khaimah,2023-07-14,5453.0,3,1817.67,2024-01-30,2024-11-27,374 days
262,Kate Lee,Abu Dhabi,2024-03-01,5419.0,5,1083.8,2024-05-05,2025-06-15,174 days
112,Noah Brown,Dubai,2025-04-01,5415.0,4,1353.75,2024-02-10,2025-07-06,153 days
103,Ivan Smith,Dubai,2024-07-28,5395.0,3,1798.33,2024-02-06,2025-02-15,294 days
134,Lucas Lee,Fujairah,2024-03-16,5365.0,4,1341.25,2024-04-17,2025-04-11,239 days
12,Liam Johnson,Dubai,2024-09-10,5298.0,4,1324.5,2024-02-04,2025-06-05,184 days
251,Ivan Kim,Al Ain,2024-06-10,5228.0,4,1307.0,2024-03-31,2025-05-15,205 days
27,Lucas Ivanov,Fujairah,2024-08-03,5226.0,4,1306.5,2024-04-23,2024-11-30,371 days
163,Noah Lee,Abu Dhabi,2024-03-05,5214.0,6,869.0,2024-02-10,2025-06-13,176 days
375,Lucas Johnson,Dubai,2025-01-08,5214.0,3,1738.0,2024-08-30,2025-12-02,4 days
128,Sophia Kim,Ras Al Khaimah,2024-06-03,5208.0,5,1041.6,2024-03-26,2025-01-20,320 days
328,Mia Ali,Ajman,2023-04-12,5206.0,6,867.67,2024-07-25,2025-09-04,93 days
169,Anna Brown,Ras Al Khaimah,2023-07-06,5193.0,5,1038.6,2024-01-04,2025-06-23,166 days
253,Mia Ali,Fujairah,2024-06-14,5155.0,7,736.43,2024-01-25,2025-02-25,284 days
385,Lucas Smith,Dubai,2023-10-24,5141.0,5,1028.2,2024-08-01,2025-05-18,202 days
308,Kate Johnson,Sharjah,2023-09-21,5122.0,3,1707.33,2024-07-01,2025-03-21,260 days
4,Ivan Smith,Abu Dhabi,2023-02-02,5094.0,3,1698.0,2024-06-17,2024-11-12,389 days
302,John Kim,Dubai,2024-11-25,5064.0,5,1012.8,2024-02-27,2025-06-03,186 days
219,Kate Smith,Dubai,2024-02-15,5034.0,3,1678.0,2024-01-15,2025-05-05,215 days
226,Emma Brown,Dubai,2024-10-02,5030.0,6,838.33,2024-02-15,2025-10-01,66 days
87,Sophia Lee,Ajman,2024-11-18,5028.0,4,1257.0,2024-10-22,2025-01-08,332 days
355,Sara Brown,Sharjah,2023-11-17,5019.0,3,1673.0,2024-06-26,2025-04-24,226 days
107,Emma Kim,Abu Dhabi,2024-01-02,4995.0,5,999.0,2024-05-27,2025-06-24,165 days
113,Maria Lee,Dubai,2025-03-17,4994.0,5,998.8,2024-01-04,2025-05-26,194 days
258,Olivia Brown,Al Ain,2024-12-27,4968.0,5,993.6,2024-01-14,2024-10-28,404 days
208,Olivia Ivanov,Abu Dhabi,2025-01-30,4944.0,3,1648.0,2024-03-12,2025-01-03,337 days
167,Ivan Lee,Dubai,2023-05-11,4937.0,6,822.83,2024-01-24,2025-06-05,184 days
140,Tom Lee,Ras Al Khaimah,2024-05-01,4930.0,4,1232.5,2024-06-05,2025-07-05,154 days
123,Daniel Ali,Abu Dhabi,2023-04-29,4913.0,4,1228.25,2024-02-27,2025-05-17,203 days
207,Emma Brown,Dubai,2023-05-04,4882.0,3,1627.33,2024-01-05,2025-04-19,231 days
213,Liam Smith,Dubai,2023-05-10,4876.0,4,1219.0,2024-07-01,2024-08-01,492 days
200,Noah Kim,Fujairah,2025-02-15,4839.0,6,806.5,2024-02-12,2025-06-18,171 days
51,Sara Ivanov,Al Ain,2024-09-13,4781.0,3,1593.67,2024-01-15,2025-04-25,225 days
121,Maria Ali,Ras Al Khaimah,2023-02-09,4759.0,2,2379.5,2024-07-27,2025-04-02,248 days
231,Alex Smith,Abu Dhabi,2024-12-20,4749.0,6,791.5,2024-09-05,2025-02-02,307 days
382,Noah Lee,Dubai,2023-02-16,4726.0,3,1575.33,2024-03-31,2025-06-17,172 days
18,Daniel Brown,Fujairah,2023-04-14,4714.0,2,2357.0,2024-05-23,2024-08-02,491 days
333,Emma Ali,Abu Dhabi,2023-03-12,4708.0,5,941.6,2024-12-24,2025-11-04,32 days
344,Sophia Lee,Dubai,2025-01-14,4699.0,5,939.8,2024-03-07,2025-06-23,166 days
150,Olivia Kim,Fujairah,2024-04-01,4688.0,5,937.6,2024-02-10,2025-06-20,169 days
144,Sara Ivanov,Dubai,2025-03-08,4681.0,3,1560.33,2025-01-07,2025-03-03,278 days
8,Olivia Kim,Ras Al Khaimah,2025-02-16,4681.0,4,1170.25,2024-04-06,2024-10-14,418 days
278,Daniel Kim,Dubai,2023-12-13,4651.0,4,1162.75,2024-04-19,2025-05-16,204 days
142,Daniel Ivanov,Dubai,2024-05-21,4642.0,3,1547.33,2024-08-21,2025-02-16,293 days
359,John Ali,Dubai,2025-04-11,4634.0,4,1158.5,2024-01-21,2025-06-19,170 days
221,Noah Smith,Al Ain,2023-03-29,4617.0,5,923.4,2024-01-17,2025-04-04,246 days
198,Emma Smith,Abu Dhabi,2024-06-13,4608.0,3,1536.0,2024-03-13,2025-04-05,245 days
24,Lucas Johnson,Dubai,2023-08-13,4570.0,4,1142.5,2024-01-31,2025-09-06,91 days
92,Alex Johnson,Al Ain,2023-06-11,4564.0,5,912.8,2024-02-02,2025-05-18,202 days
9,Liam Ivanov,Abu Dhabi,2023-12-15,4563.0,4,1140.75,2024-07-01,2025-05-28,192 days
161,Daniel Lee,Dubai,2025-02-22,4542.0,4,1135.5,2024-02-29,2025-01-11,329 days
336,Liam Johnson,Dubai,2023-05-14,4481.0,5,896.2,2024-06-06,2025-10-06,61 days
210,Sophia Smith,Abu Dhabi,2024-09-03,4481.0,5,896.2,2024-11-25,2025-06-14,175 days
49,John Ivanov,Fujairah,2025-02-17,4418.0,5,883.6,2024-01-11,2025-04-18,232 days
352,Emma Lee,Fujairah,2025-01-08,4408.0,3,1469.33,2024-01-27,2025-05-03,217 days
245,Kate Brown,Ras Al Khaimah,2023-04-04,4368.0,5,873.6,2024-03-13,2025-01-27,313 days
212,Ivan Kim,Al Ain,2023-11-06,4323.0,4,1080.75,2024-02-16,2025-03-16,265 days
234,John Smith,Dubai,2023-09-30,4307.0,4,1076.75,2024-03-26,2025-01-03,337 days
282,Maria Johnson,Dubai,2024-03-20,4305.0,3,1435.0,2024-10-10,2025-02-17,292 days
391,Sara Ali,Ras Al Khaimah,2024-08-12,4285.0,3,1428.33,2024-07-12,2024-09-30,432 days
236,Maria Lee,Sharjah,2024-03-25,4192.0,4,1048.0,2024-02-12,2025-02-24,285 days
334,Noah Brown,Dubai,2025-04-12,4097.0,3,1365.67,2024-01-27,2024-12-22,349 days
119,Lucas Smith,Dubai,2024-02-14,4013.0,2,2006.5,2024-03-03,2024-06-08,546 days
185,Lucas Smith,Ras Al Khaimah,2023-03-12,4012.0,3,1337.33,2024-07-22,2025-03-03,278 days
157,John Kim,Abu Dhabi,2024-12-11,4008.0,4,1002.0,2024-03-08,2025-12-04,2 days
10,Lucas Smith,Dubai,2025-02-20,4002.0,2,2001.0,2024-07-26,2024-10-08,424 days
61,Kate Johnson,Ras Al Khaimah,2023-09-06,3928.0,5,785.6,2024-09-16,2025-11-06,30 days
95,Liam Smith,Dubai,2023-05-18,3911.0,3,1303.67,2024-01-24,2025-03-17,264 days
246,Lucas Kim,Dubai,2023-12-08,3890.0,2,1945.0,2024-10-23,2024-12-25,346 days
318,Tom Kim,Fujairah,2024-10-25,3857.0,3,1285.67,2024-03-29,2025-07-01,158 days
126,Lucas Ali,Ajman,2023-03-13,3828.0,2,1914.0,2024-02-04,2024-03-15,631 days
26,Liam Smith,Abu Dhabi,2024-02-15,3801.0,4,950.25,2024-07-08,2025-02-04,305 days
294,Liam Lee,Sharjah,2024-12-07,3799.0,6,633.17,2024-02-06,2025-01-01,339 days
148,Lucas Johnson,Fujairah,2024-07-26,3773.0,5,754.6,2024-04-05,2025-04-26,224 days
16,Tom Smith,Abu Dhabi,2024-12-22,3771.0,2,1885.5,2024-09-18,2024-10-14,418 days
41,Olivia Ali,Dubai,2024-05-27,3749.0,3,1249.67,2024-01-03,2024-09-13,449 days
270,Noah Ali,Ras Al Khaimah,2023-07-13,3747.0,2,1873.5,2025-01-20,2025-03-28,253 days
329,Daniel Brown,Abu Dhabi,2023-03-04,3743.0,5,748.6,2024-03-13,2025-02-24,285 days
381,Kate Ali,Sharjah,2023-10-18,3722.0,3,1240.67,2024-07-04,2025-02-02,307 days
39,Sophia Lee,Dubai,2023-04-25,3696.0,5,739.2,2024-01-10,2025-05-25,195 days
94,Sophia Kim,Dubai,2023-01-09,3541.0,3,1180.33,2024-01-12,2024-06-28,526 days
174,Tom Johnson,Dubai,2024-10-27,3531.0,2,1765.5,2024-03-28,2024-08-18,475 days
228,Olivia Smith,Ras Al Khaimah,2023-03-18,3521.0,4,880.25,2024-01-22,2025-02-23,286 days
203,Noah Brown,Ajman,2024-12-09,3463.0,3,1154.33,2024-08-11,2024-12-05,366 days
327,Noah Johnson,Ajman,2024-03-31,3457.0,3,1152.33,2024-06-23,2025-05-06,214 days
193,Alex Ali,Ras Al Khaimah,2023-09-07,3452.0,3,1150.67,2024-01-27,2025-06-23,166 days
178,Liam Johnson,Ajman,2024-04-21,3431.0,3,1143.67,2024-10-18,2025-05-08,212 days
259,Sara Smith,Abu Dhabi,2023-01-15,3427.0,2,1713.5,2024-04-20,2024-11-29,372 days
100,Liam Smith,Dubai,2025-04-29,3380.0,4,845.0,2024-04-02,2024-12-23,348 days
224,Sara Brown,Dubai,2023-11-01,3269.0,3,1089.67,2024-06-17,2025-04-01,249 days
338,Noah Ali,Ajman,2024-01-02,3262.0,5,652.4,2024-04-11,2025-12-06,0 days
297,Sophia Kim,Sharjah,2024-08-11,3236.0,3,1078.67,2024-01-13,2024-10-06,426 days
394,Alex Johnson,Ajman,2025-03-31,3230.0,6,538.33,2024-01-04,2025-02-23,286 days
38,Liam Johnson,Ajman,2025-02-07,3222.0,3,1074.0,2025-01-30,2025-04-04,246 days
369,Olivia Brown,Sharjah,2023-01-30,3213.0,2,1606.5,2024-02-01,2024-11-16,385 days
347,Tom Brown,Dubai,2023-03-17,3142.0,5,628.4,2024-02-27,2025-05-19,201 days
249,Alex Smith,Ajman,2023-02-07,3109.0,3,1036.33,2024-04-07,2025-02-15,294 days
343,Noah Ali,Dubai,2024-04-07,3104.0,2,1552.0,2024-03-07,2024-08-11,482 days
341,Tom Lee,Fujairah,2025-02-02,3070.0,3,1023.33,2025-02-03,2025-12-02,4 days
187,Alex Kim,Dubai,2024-01-06,3054.0,2,1527.0,2024-02-25,2024-06-24,530 days
272,Kate Kim,Ras Al Khaimah,2025-02-01,3016.0,3,1005.33,2024-03-07,2025-04-02,248 days
22,Noah Ivanov,Fujairah,2024-06-30,2905.0,3,968.33,2024-02-13,2024-08-21,472 days
242,Anna Johnson,Dubai,2024-08-13,2876.0,4,719.0,2024-06-30,2025-07-01,158 days
139,Ivan Smith,Abu Dhabi,2023-05-31,2823.0,2,1411.5,2024-09-15,2024-09-30,432 days
180,Maria Ali,Dubai,2023-11-15,2791.0,2,1395.5,2024-02-11,2025-03-15,266 days
194,Ivan Lee,Ajman,2023-12-11,2765.0,2,1382.5,2024-02-11,2024-05-19,566 days
46,Mia Johnson,Sharjah,2023-04-25,2740.0,3,913.33,2024-06-04,2025-05-25,195 days
162,Sophia Johnson,Ras Al Khaimah,2023-12-27,2730.0,3,910.0,2024-01-06,2025-02-15,294 days
72,Sara Lee,Fujairah,2023-06-20,2630.0,5,526.0,2024-04-07,2025-04-27,223 days
181,Daniel Lee,Abu Dhabi,2023-11-16,2602.0,3,867.33,2024-09-28,2024-12-19,352 days
155,Lucas Ali,Dubai,2023-12-10,2498.0,3,832.67,2024-04-02,2025-05-27,193 days
287,Olivia Ivanov,Dubai,2024-08-02,2360.0,4,590.0,2024-02-28,2025-03-28,253 days
175,Ivan Ivanov,Abu Dhabi,2025-02-11,2352.0,2,1176.0,2024-06-30,2024-08-07,486 days
392,Sara Brown,Dubai,2024-12-27,2259.0,1,2259.0,2024-04-22,2024-04-22,593 days
346,Maria Lee,Fujairah,2024-03-12,2203.0,2,1101.5,2024-10-19,2025-10-03,64 days
30,Liam Kim,Ras Al Khaimah,2024-07-05,2191.0,3,730.33,2024-08-31,2025-01-12,328 days
379,Liam Ivanov,Al Ain,2024-02-29,2167.0,3,722.33,2024-02-25,2024-05-09,576 days
80,Anna Ali,Dubai,2023-06-11,2159.0,3,719.67,2024-04-18,2024-11-05,396 days
20,Emma Kim,Sharjah,2023-12-30,2124.0,2,1062.0,2025-01-13,2025-03-19,262 days
137,Lucas Smith,Abu Dhabi,2023-10-18,1970.0,2,985.0,2024-10-21,2025-05-02,218 days
93,Sophia Ali,Al Ain,2024-12-21,1911.0,4,477.75,2024-01-11,2025-06-13,176 days
17,Sophia Smith,Abu Dhabi,2025-03-02,1848.0,1,1848.0,2025-05-04,2025-05-04,216 days
85,Liam Ivanov,Ajman,2023-11-20,1831.0,4,457.75,2024-05-22,2024-12-03,368 days
209,Kate Brown,Al Ain,2025-01-26,1776.0,2,888.0,2024-06-01,2025-06-21,168 days
257,Ivan Kim,Abu Dhabi,2023-05-05,1730.0,2,865.0,2024-04-23,2025-06-06,183 days
384,John Johnson,Sharjah,2025-02-24,1715.0,1,1715.0,2024-10-05,2024-10-05,427 days
31,Daniel Brown,Abu Dhabi,2024-08-20,1709.0,2,854.5,2025-02-24,2025-05-20,200 days
146,Maria Lee,Dubai,2023-09-13,1692.0,3,564.0,2024-04-05,2025-10-04,63 days
131,Daniel Kim,Dubai,2024-11-11,1606.0,1,1606.0,2025-04-06,2025-04-06,244 days
398,Lucas Ivanov,Ajman,2025-02-02,1486.0,1,1486.0,2024-08-30,2024-08-30,463 days
143,Ivan Johnson,Dubai,2024-11-02,1448.0,1,1448.0,2025-06-02,2025-06-02,187 days
217,Lucas Ivanov,Dubai,2024-03-27,1374.0,2,687.0,2024-11-13,2024-12-25,346 days
299,Anna Ali,Fujairah,2024-08-02,1320.0,2,660.0,2024-03-25,2025-04-16,234 days
367,Noah Johnson,Ras Al Khaimah,2024-08-10,1307.0,2,653.5,2024-01-25,2025-04-08,242 days
76,Kate Ivanov,Abu Dhabi,2024-12-14,1285.0,1,1285.0,2025-01-16,2025-01-16,324 days
269,Daniel Lee,Ajman,2024-07-19,1284.0,2,642.0,2024-04-02,2025-06-19,170 days
389,Anna Lee,Dubai,2025-01-29,1055.0,1,1055.0,2024-03-29,2024-03-29,617 days
63,Sara Lee,Fujairah,2023-12-29,1012.0,1,1012.0,2025-01-16,2025-01-16,324 days
132,Sophia Lee,Al Ain,2024-09-22,946.0,1,946.0,2024-04-19,2024-04-19,596 days
62,Maria Smith,Ras Al Khaimah,2023-07-14,917.0,1,917.0,2025-04-04,2025-04-04,246 days
118,Liam Brown,Al Ain,2025-03-02,705.0,2,352.5,2024-04-08,2025-03-31,250 days
21,Tom Ali,Dubai,2024-12-19,621.0,2,310.5,2024-03-19,2024-09-08,454 days
220,John Johnson,Sharjah,2023-06-05,313.0,1,313.0,2024-07-23,2024-07-23,501 days
160,Sara Lee,Dubai,2023-07-31,263.0,1,263.0,2024-06-19,2024-06-19,535 days
